<?xml version="1.0" encoding="utf-8" ?>
<vbox width="100%" height="100%">
	<style>
		#views VBox {
		}
		
		#views VBox ListView {
			borderSize: 0;
			padding: 0;
		}
	</style>
	<menubar>
		<menubutton text="View" id="menuView">
		</menubutton>
		<menubutton text="Help" id="menuHelp">
			<menu>
				<menuitem text="About..." />
			</menu>
		</menubutton>
	</menubar>
	<hbox width="100%" height="100%">
		<accordion id="views" width="200" height="100%" />
		<tabview width="100%" height="100%" id="tabs">
			<vbox text="Main">
				
			</vbox>
		</tabview>
	</hbox>
</vbox>
