<?xml version="1.0" encoding="utf-8" ?>
<vbox>
	<hbox>
		<grid columns="2">
			<text text="Text" />
			<textinput id="text" text="Demo Text" width="150"/>

			<text text="Font Size" />
			<hslider id="fontSize" max="350" pos="12" width="150"/>
			
			<text text="Width" />
			<hslider id="width" max="350" pos="140" width="150"/>
			
			<text text="Height" />
			<hslider id="height" max="350" pos="100" width="150"/>
			
			<spacer />
			<checkbox id="multiline" text="Multiline" />
			
			<spacer />
			<checkbox id="wrapLines" text="Wrap lines" />
		</grid>
		<spacer width="20" />
		<text text="Demo Text" id="theField" autoSize="true" style="borderSize:1;borderColor:0x000000;" verticalAlign="top" />
	</hbox>
</vbox>