<?xml version="1.0" encoding="utf-8" ?>
<vbox>
	<hbox>
		<grid columns="3">
			<text text="Width" />
			<hslider id="width" max="310" pos="200" width="150"/>
			<spacer />
			
			<text text="Height" />
			<hslider id="height" max="450" pos="200" width="150"/>
			<spacer />

			<spacer height="20" />
			<spacer />
			<spacer />
			
			<text text="Child" />
			<list id="child" text="Button1" verticalAlign="top" selectedIndex="0" width="150">
				<array>Button1,Button2,Button3,Button4,Button5,Button6,Button7,Button8,Button9</array>
			</list>
			<spacer />
			
			<text text="Child Width" />
			<hslider id="childWidth" max="200" pos="50" width="150"/>
			<checkbox id="childWidthAsPercent" text="%" verticalAlign="bottom" />
			
			<text text="Child Height" />
			<hslider id="childHeight" max="200" pos="50" width="150"/>
			<checkbox id="childHeightAsPercent" text="%" verticalAlign="bottom" />
			
			<text text="Child VAlign" />
			<list id="valign" text="top" selectedIndex="0" width="150">
				<array>top,center,bottom</array>
			</list>
			<spacer />
			
			<text text="Child HAlign" />
			<list id="halign" text="left" selectedIndex="0" width="150">
				<array>left,center,right</array>
			</list>
			<spacer />
		</grid>
		
		<spacer width="20" />
		
		<box id="theBox" style="borderSize:1;padding:5;" width="200" height="200" autoSize="false">
			<button id="Button1" text="1" width="50" height="50" />
			<button id="Button2" text="2" horizontalAlign="center" width="50" height="50" />
			<button id="Button3" text="3" horizontalAlign="right" width="50" height="50" />
			<button id="Button4" text="4" verticalAlign="center" width="50" height="50" />
			<button id="Button5" text="5" horizontalAlign="center" verticalAlign="center" width="50" height="50"/>
			<button id="Button6" text="6" horizontalAlign="right" verticalAlign="center" width="50" height="50"/>
			<button id="Button7" text="7" verticalAlign="bottom" width="50" height="50" />
			<button id="Button8" text="8" horizontalAlign="center" verticalAlign="bottom" width="50" height="50"/>
			<button id="Button9" text="9" horizontalAlign="right" verticalAlign="bottom" width="50" height="50"/>
		</box>
	</hbox>
</vbox>